,age,sex,cp,trestbps,chol,fbs,restecg,thalach,exang,oldpeak,slope,ca,thal,num,target_binary
count,1024.0,1024.0,1024.0,1024.0,1024.0,1024.0,1024.0,1024.0,1024.0,1024.0,1024.0,1024.0,1024.0,1024.0,1024.0
mean,54.53220248791595,0.685546875,3.1494140625,131.4786208848652,246.96510750086236,0.1650390625,1.001953125,149.63810710974963,0.345703125,1.0901415547990292,1.619140625,0.681640625,4.701171875,0.923828125,0.458984375
std,9.273399982371592,0.464524577223396,0.9718117274777277,17.50622968939235,52.56123678115492,0.3713971908219553,0.9936239022832839,23.48025993459496,0.4758293616185314,1.07230603899632,0.6201762778367114,0.9474020884783698,1.9411071489197829,1.0703771883167248,0.49855837504103584
min,18.0,0.0,1.0,84.86964282572369,100.0,0.0,0.0,71.0,0.0,0.0,1.0,0.0,3.0,0.0,0.0
25%,48.193471709653565,0.0,3.0,120.0,211.0,0.0,0.0,133.55558141468708,0.0,0.15206175680265854,1.0,0.0,3.0,0.0,0.0
50%,55.0,1.0,3.0,130.01211105892037,244.99681567334528,0.0,1.0,151.52469994042977,0.0,0.8549773632701918,2.0,0.0,3.0,0.0,0.0
75%,61.19643708699776,1.0,4.0,142.4121478409269,280.2322451600751,0.0,2.0,165.64243688778268,1.0,1.6304707959515978,2.0,1.0,7.0,2.0,1.0
max,78.79503022909763,1.0,4.0,200.0,564.0,1.0,2.0,227.1965916718548,1.0,6.2,3.0,3.0,7.0,4.0,1.0
